vu_id,user_id,email,start_offset_ms
1,9100001,s08-user-001@test.tikitaka.local,0
2,9100002,s08-user-002@test.tikitaka.local,10
3,9100003,s08-user-003@test.tikitaka.local,20
4,9100004,s08-user-004@test.tikitaka.local,30
5,9100005,s08-user-005@test.tikitaka.local,40
6,9100006,s08-user-006@test.tikitaka.local,50
7,9100007,s08-user-007@test.tikitaka.local,60
8,9100008,s08-user-008@test.tikitaka.local,70
9,9100009,s08-user-009@test.tikitaka.local,80
10,9100010,s08-user-010@test.tikitaka.local,90
11,9100011,s08-user-011@test.tikitaka.local,100
12,9100012,s08-user-012@test.tikitaka.local,110
13,9100013,s08-user-013@test.tikitaka.local,120
14,9100014,s08-user-014@test.tikitaka.local,130
15,9100015,s08-user-015@test.tikitaka.local,140
16,9100016,s08-user-016@test.tikitaka.local,150
17,9100017,s08-user-017@test.tikitaka.local,160
18,9100018,s08-user-018@test.tikitaka.local,170
19,9100019,s08-user-019@test.tikitaka.local,180
20,9100020,s08-user-020@test.tikitaka.local,190
21,9100021,s08-user-021@test.tikitaka.local,200
22,9100022,s08-user-022@test.tikitaka.local,210
23,9100023,s08-user-023@test.tikitaka.local,220
24,9100024,s08-user-024@test.tikitaka.local,230
25,9100025,s08-user-025@test.tikitaka.local,240
26,9100026,s08-user-026@test.tikitaka.local,250
27,9100027,s08-user-027@test.tikitaka.local,260
28,9100028,s08-user-028@test.tikitaka.local,270
29,9100029,s08-user-029@test.tikitaka.local,280
30,9100030,s08-user-030@test.tikitaka.local,290
31,9100031,s08-user-031@test.tikitaka.local,300
32,9100032,s08-user-032@test.tikitaka.local,310
33,9100033,s08-user-033@test.tikitaka.local,320
34,9100034,s08-user-034@test.tikitaka.local,330
35,9100035,s08-user-035@test.tikitaka.local,340
36,9100036,s08-user-036@test.tikitaka.local,350
37,9100037,s08-user-037@test.tikitaka.local,360
38,9100038,s08-user-038@test.tikitaka.local,370
39,9100039,s08-user-039@test.tikitaka.local,380
40,9100040,s08-user-040@test.tikitaka.local,390
41,9100041,s08-user-041@test.tikitaka.local,400
42,9100042,s08-user-042@test.tikitaka.local,410
43,9100043,s08-user-043@test.tikitaka.local,420
44,9100044,s08-user-044@test.tikitaka.local,430
45,9100045,s08-user-045@test.tikitaka.local,440
46,9100046,s08-user-046@test.tikitaka.local,450
47,9100047,s08-user-047@test.tikitaka.local,460
48,9100048,s08-user-048@test.tikitaka.local,470
49,9100049,s08-user-049@test.tikitaka.local,480
50,9100050,s08-user-050@test.tikitaka.local,490
51,9100051,s08-user-051@test.tikitaka.local,500
52,9100052,s08-user-052@test.tikitaka.local,510
53,9100053,s08-user-053@test.tikitaka.local,520
54,9100054,s08-user-054@test.tikitaka.local,530
55,9100055,s08-user-055@test.tikitaka.local,540
56,9100056,s08-user-056@test.tikitaka.local,550
57,9100057,s08-user-057@test.tikitaka.local,560
58,9100058,s08-user-058@test.tikitaka.local,570
59,9100059,s08-user-059@test.tikitaka.local,580
60,9100060,s08-user-060@test.tikitaka.local,590
61,9100061,s08-user-061@test.tikitaka.local,600
62,9100062,s08-user-062@test.tikitaka.local,610
63,9100063,s08-user-063@test.tikitaka.local,620
64,9100064,s08-user-064@test.tikitaka.local,630
65,9100065,s08-user-065@test.tikitaka.local,640
66,9100066,s08-user-066@test.tikitaka.local,650
67,9100067,s08-user-067@test.tikitaka.local,660
68,9100068,s08-user-068@test.tikitaka.local,670
69,9100069,s08-user-069@test.tikitaka.local,680
70,9100070,s08-user-070@test.tikitaka.local,690
71,9100071,s08-user-071@test.tikitaka.local,700
72,9100072,s08-user-072@test.tikitaka.local,710
73,9100073,s08-user-073@test.tikitaka.local,720
74,9100074,s08-user-074@test.tikitaka.local,730
75,9100075,s08-user-075@test.tikitaka.local,740
76,9100076,s08-user-076@test.tikitaka.local,750
77,9100077,s08-user-077@test.tikitaka.local,760
78,9100078,s08-user-078@test.tikitaka.local,770
79,9100079,s08-user-079@test.tikitaka.local,780
80,9100080,s08-user-080@test.tikitaka.local,790
81,9100081,s08-user-081@test.tikitaka.local,800
82,9100082,s08-user-082@test.tikitaka.local,810
83,9100083,s08-user-083@test.tikitaka.local,820
84,9100084,s08-user-084@test.tikitaka.local,830
85,9100085,s08-user-085@test.tikitaka.local,840
86,9100086,s08-user-086@test.tikitaka.local,850
87,9100087,s08-user-087@test.tikitaka.local,860
88,9100088,s08-user-088@test.tikitaka.local,870
89,9100089,s08-user-089@test.tikitaka.local,880
90,9100090,s08-user-090@test.tikitaka.local,890
91,9100091,s08-user-091@test.tikitaka.local,900
92,9100092,s08-user-092@test.tikitaka.local,910
93,9100093,s08-user-093@test.tikitaka.local,920
94,9100094,s08-user-094@test.tikitaka.local,930
95,9100095,s08-user-095@test.tikitaka.local,940
96,9100096,s08-user-096@test.tikitaka.local,950
97,9100097,s08-user-097@test.tikitaka.local,960
98,9100098,s08-user-098@test.tikitaka.local,970
99,9100099,s08-user-099@test.tikitaka.local,980
100,9100100,s08-user-100@test.tikitaka.local,990
